File,Gamma,Lambda,PRoTECT (secs),FOSSIL (secs)
"ex1_dt_DS.py","3.8977794359919664,","4.0398245551064065","0.082183837890625","N/A"
"ex2_DC_Motor_dt_DS.py","1.1994605251327222,","1.2021164206471244","0.2464156150817871","N/A"
"ex2_TwoRoomTemp_dt_DS.py","18.112193997614572,","19.656226732169475","0.22761774063110352","N/A"
"ex2_jet_engine_ct_DS.py","1.407942158338396,","1.534711871588815","0.22697687149047852","N/A"
"ex4_hi_ord_ct_DS.py","14.505371402945366,","14.99821008638223","1.5784375667572021","N/A"
"ex6_hi_ord_ct_DS-1.py","32.47157090585688,","33.91621687058413","18.571454763412476","N/A"
"ex6_hi_ord_ct_DS-2.py","10.649923643439871,","10.660395121218384","18.80337643623352","N/A"
"ex8_hi_ord_ct_DS-1.py","45.485965826545,","57.04659263774555","181.94777655601501","N/A"
"ex8_hi_ord_ct_DS-2.py","5.784344255021348,","8.773752556717035","176.70143961906433","N/A"
