File,b_degree,Gamma,Lambda,c,Confidence,Execution Time (seconds)
"ex1_ct_SS.py","6,","1.5069162838672656e-06,","10,","3.228011998897247e-07,","0.9999996879077717","0.3294098377227783"
"ex1_dt_SS.py","6,","2.2158084464198077e-07,","10,","5.2677632680517604e-08,","0.9999999515030992","0.5295681953430176"
"ex2_van_der_pol_oscillator_dt_SS_uniform.py","6,","97.92036297991392,","1000,","3.400370295681036,","0.8850777855416809","14.977938652038574"
"ex2_A1linear_ct_SS.py","6,","0.3406231322005951,","10,","0.04107041915479503,","0.945402477202543","1.733044147491455"
"ex2_nonlinear_ct_SS.py","6,","1.8378795624932422,","10,","0.20235413776685085,","0.7150349748672503","1.7394897937774658"
"ex2_two_tanks_dt_SS.py","4,","3.5381111370033633e-06,","10,","5.878756818378973e-09,","0.9999996432495079","5.548723459243774"
"ex3_room_temp_dt_SS.py","4,","5.424201338192404e-09,","10,","3.749811166942352e-09,","0.9999999983326365","1504.6633117198944"
"ex4_hi_ord_ct_SS.py","6,","0.0018041680764500408,","10,","0.0013177907665765402,","0.999424245962382","1321.9096636772156"
