File,Gamma,Lambda,c,Confidence,Execution Time (seconds)
"ex1_ct_SS.py","2.8118981295445967e-05,","10,","5.638015165437418e-06,","0.9999943690942877","0.1642169952392578"
"ex1_dt_SS.py","1.5160579150720376e-05,","10,","3.0857206891687403e-06,","0.9999969410817403","0.26085376739501953"
"ex2_van_der_pol_oscillator_dt_SS_uniform.py","N/A","N/A","N/A","N/A","1.7156579494476318"
"ex2_A1linear_ct_SS.py","1.3861233121535554,","10,","0.2632125416522506,","0.7297813979585192","0.6440942287445068"
"ex2_nonlinear_ct_SS.py","3.3369747493113264,","10,","0.5331843317665699,","0.3997103591855824","0.6299314498901367"
"ex2_two_tanks_dt_SS.py","1.0332339615854175e-06,","10,","3.414637815145733e-08,","0.9999998796034147","1.2046787738800049"
"ex3_room_temp_dt_SS.py","9.8079213221067e-09,","10,","6.819840783738602e-09,","0.9999999969732556","29.934030532836914"
"ex4_hi_ord_ct_SS.py","0.023630665293331812,","10,","0.01747108933482021,","0.9923956066702208","65.57195568084717"
