File,b_degree,Gamma,Lambda,c,Confidence,Execution Time (seconds)
"ex1_ct_SS.py","6,","6.501398876274861e-07,","10,","1.385986726608593e-07,","0.9999998656866749","0.3347620964050293"
"ex1_dt_SS.py","6,","1.7137031627247214e-07,","10,","4.024969417609994e-08,","0.9999999627381213","0.5272629261016846"
"ex2_A1linear_ct_SS.py","6,","0.34066016423883055,","10,","0.041076875796388884,","0.9453955456779225","1.7369699478149414"
"ex2_nonlinear_ct_SS.py","6,","1.8378795582204552,","10,","0.20235413568320434,","0.7150349763363523","1.7321803569793701"
"ex2_two_tanks_dt_SS.py","4,","1.0160624070677118e-06,","10,","3.396952125444115e-08,","0.9999998814089986","5.625134229660034"
"ex2_van_der_pol_oscillator_dt_SS_uniform.py","6,","97.86081138567398,","1000,","3.4257302889481185,","0.8850105371695854","14.469735622406006"
"ex3_room_temp_dt_SS.py","4,","1.3678013937794107e-08,","10,","9.591244061635662e-09,","0.9999999957548253","1559.9584674835205"
"ex4_hi_ord_ct_SS.py","6,","0.0018065247224522693,","10,","0.0012623612056714881,","0.9994406391660533","1363.0301280021667"
