File,Gamma,Lambda,c,Confidence,Execution Time (seconds)
"ex1_ct_SS.py","3.554316935954439e-05,","10,","7.105535500058358e-06,","0.999992892915314","0.16394329071044922"
"ex1_dt_SS.py","3.865803121081673e-05,","10,","7.821256018371503e-06,","0.9999922235688697","0.23523426055908203"
"ex2_van_der_pol_oscillator_dt_SS_uniform.py","N/A","N/A","N/A","N/A","1.639223337173462"
"ex2_A1linear_ct_SS.py","1.386123274884481,","10,","0.26321254907398883,","0.7297813979745575","0.6379897594451904"
"ex2_nonlinear_ct_SS.py","3.336974750137827,","10,","0.5331843315601219,","0.3997103592061564","0.6595644950866699"
"ex2_two_tanks_dt_SS.py","1.0444771015819074e-06,","10,","3.4611820439962453e-08,","0.9999998782463796","1.1616244316101074"
"ex3_room_temp_dt_SS.py","9.141597930908369e-09,","10,","6.366508764607211e-09,","0.9999999971758876","29.135020971298218"
"ex4_hi_ord_ct_SS.py","0.023642494729402597,","10,","0.01746450572019003,","0.9923963988110027","63.64656734466553"
